{
  "history_steps": 4,
  "scale": [
    11.0,
    11.0,
    5.0
  ],
  "w1": [
    [
      0.00012301533574825743,
      0.02021551085236059,
      -0.03650884815410693,
      -0.08905918387572742,
      0.018955382051783213,
      -0.09916465549964625,
      0.01912399205922886,
      0.13884817225536145,
      -0.05016358625771964,
      0.0750698520039837,
      0.04923520063407619,
      0.10242727204796007,
      0.10497473112722917,
      0.02718566021752158,
      -0.0029251822463273493,
      0.06953031944582878,
      -0.14700163338692004,
      -0.08987041130075177,
      -0.20679193624613046,
      -0.12855307058305088,
      -0.1850254691062909,
      -0.025233901444681475,
      -0.10869280477619503,
      0.004318588663157593,
      0.10041024088172325,
      -0.018693094462995438,
      -0.2516759710820513,
      -0.021811973902110163,
      0.006435716159783788,
      0.011330898600330756,
      -0.15301357655053938,
      -0.08773631701012315
    ],
    [
      -0.09785190780566395,
      -0.02218043846918761,
      0.08432838607932909,
      -0.08075346753318965,
      0.059409400710477005,
      0.0884389867383174,
      0.050880170062152855,
      -0.030908104898053613,
      -0.003294228367655796,
      0.19249311207968664,
      -0.14721552374078625,
      0.07749837606162377,
      0.13462728687558004,
      -0.1570497635131859,
      0.08593826880215982,
      0.011935402569658124,
      -0.07086103150262543,
      0.22207573586597618,
      0.12391239390365848,
      -0.099437823961269,
      -0.009228912829938636,
      0.04554978376915676,
      0.06005953152680165,
      0.06657517857279453,
      -0.005200628809417184,
      0.0667247560834328,
      0.1438522591656152,
      -0.031567236909763985,
      0.08125237502144003,
      -0.046330757653841516,
      0.012726841122583083,
      -0.12627184522114016
    ],
    [
      -0.05793015965026732,
      -0.018481410233766177,
      0.05281647769183307,
      0.1145222007454132,
      -0.11758506836834999,
      -0.07946423659870495,
      0.07461462954992065,
      -0.17024724213574985,
      -0.048297549257556256,
      0.02362821899642478,
      0.34190071232205943,
      0.05867179307748247,
      0.0015731862021443757,
      0.0568296551946767,
      -0.025019540051792494,
      0.15235294004561603,
      -0.05675914954622468,
      0.07161210358513852,
      0.05878857010378397,
      -0.009494012338876626,
      -0.023693439514940535,
      -0.11274268521833644,
      0.031858867082279356,
      -0.03518519492467749,
      0.1579566572963578,
      0.06530885027011639,
      -0.0024143613009932237,
      0.10844909465185187,
      -0.004055536582740963,
      0.10521263584269469,
      -0.0005399560671626606,
      0.02303810392709152
    ],
    [
      -0.12908932453234873,
      0.024629077637783013,
      -0.17795844921336484,
      -0.20353289449399325,
      0.034425677719805876,
      -0.08999276075985953,
      0.029687368274656827,
      0.23013203270296162,
      -0.08410807976532889,
      0.07649731569395975,
      0.02138906596287314,
      0.11731519632400571,
      0.07826757468469464,
      0.10150571251490832,
      0.07024629551205443,
      0.05199076370338984,
      -0.11644037727898557,
      -0.05339073708737136,
      -0.014816914269795941,
      -0.1052832348477144,
      0.025144393635713275,
      -0.08752385971390136,
      0.11552849649944918,
      -0.003866987384842478,
      0.09466377267257206,
      -0.0591028352856274,
      -0.011860982387769404,
      -0.16907549256907925,
      -0.1034805068785474,
      0.036283979918875435,
      -0.21285670418221447,
      0.044676762471272446
    ],
    [
      -0.1746096475373909,
      0.13537864275430145,
      -0.10633114299298604,
      0.07789910843424613,
      0.07644888503463143,
      -0.15368349402914888,
      0.23591789227471446,
      0.12387706783552728,
      -0.020923682688853702,
      0.16175593154149068,
      -0.04177493204359955,
      -0.026880894453837977,
      0.10832718270545154,
      -0.05823905001042934,
      -0.005119041269167658,
      -0.07932964032030437,
      -0.0694845541895416,
      -0.10577413919178894,
      0.17416265366751013,
      0.005242855764046227,
      0.07991452821954569,
      -0.010800015981896999,
      0.01080773243171699,
      -0.03456602370421499,
      -0.05577995887401987,
      0.0007959099184913659,
      -0.03752668396769557,
      0.005354753247292069,
      -0.07639850429698573,
      -0.08068459276211205,
      0.16540575488004303,
      -0.07466991650373303
    ],
    [
      -0.10540937876234929,
      0.033984532387454434,
      0.10335813679364837,
      -0.1454024302481208,
      -0.013357532805055227,
      -0.06320525539349078,
      -0.16665445924493272,
      0.1036569455578894,
      -0.004301239325434439,
      0.043202621409959674,
      0.15788222914703992,
      0.0359139336384198,
      -0.025979524144329615,
      0.08456327239900277,
      -0.11082607921815131,
      -0.12161027602081953,
      0.11953463703184714,
      0.05946604649084557,
      0.050600534434252754,
      -0.0014730693291448679,
      -0.04805577427089284,
      -0.05206103141780549,
      0.09929044804340743,
      -0.020264546935473596,
      0.02874923126901517,
      0.0022221557194479513,
      0.11765083202520016,
      0.10899238847152502,
      0.06724395846774515,
      -0.05635713933532417,
      -0.13819687200064654,
      0.0596311935817466
    ],
    [
      0.09664471342208762,
      -0.024484596984558436,
      0.045003555611954474,
      0.0781443053885405,
      0.14844165182497485,
      0.09213834732464708,
      -0.032086137038920104,
      0.1579958026597546,
      -0.12558884775092205,
      0.226895299253113,
      0.05088666173002984,
      0.15667622808080758,
      0.2852885289990264,
      0.2724278626612571,
      -0.1145176907189325,
      -0.1688671580267857,
      0.06811502324415221,
      -0.14833416805509236,
      -0.02128606323323146,
      0.08389976332288644,
      -0.16520832369889818,
      -0.21272986874064095,
      0.04454838773854473,
      -0.019036117007639082,
      0.06215458376660838,
      0.0038534763770218163,
      -0.08605156073672798,
      -0.12203842116724582,
      -0.008655201089750524,
      -0.09717086910493918,
      -0.1643481322411107,
      0.010562571530075567
    ],
    [
      -0.006139862842217581,
      0.10137608510628698,
      -0.12073064896108103,
      -0.06580587918366579,
      -0.035834484981247305,
      -0.08866418670580482,
      0.13232655483331143,
      -0.09915908891053844,
      0.021262149140681703,
      0.22618447483334927,
      0.17560668215318223,
      -0.06789254487089427,
      0.08699184800079453,
      -0.014547322129258267,
      -0.0014029730130996941,
      -0.14498638219066112,
      -0.05306552481749619,
      0.0962691916032509,
      0.04099350241196894,
      0.028919755251286414,
      -0.04574409819288528,
      0.10331188144650766,
      0.07942024096883205,
      -0.22212532599503818,
      -0.07019575604402063,
      -0.19687966070802432,
      -0.32514384154965387,
      -0.018328228077589607,
      0.19534481619202662,
      0.004711990613059293,
      -0.11725457074049794,
      -0.10161663941703597
    ],
    [
      0.11306132302500088,
      0.015122666558256295,
      -0.03285746740531165,
      -0.005346178883805719,
      0.003924365091166663,
      0.08054056469437984,
      0.06419248595685528,
      0.05290770439966467,
      -0.10625262360923989,
      0.08981720890381753,
      0.181765521568614,
      0.10050618192324776,
      -0.10566613021406103,
      0.09032980469126994,
      -0.0007358286291270949,
      -0.13246455506441365,
      0.15815031897419726,
      0.26455519632199126,
      -0.026982966231772085,
      0.07842056646596403,
      0.0339248997803947,
      -0.2625628898093583,
      0.06460439096956413,
      0.0045625361784055645,
      0.05482610083597063,
      -0.10768749198271783,
